order_id,order_date,order_status,region,category,product_name,quantity,unit_price,line_total,line_cost,profit
520897,2024-11-18,Completed,Northeast,Electronics,CoreHome Wireless Earbuds Lite,1,1236.32,1236.32,698.1,538.2199999999999
532487,2025-10-08,Completed,Southwest,Electronics,HomeCraft Smart Watch Classic,1,1240.3,1240.3,720.81,519.49
516910,2024-07-28,Completed,Southwest,Furniture,Nexa Sofa,1,354.35,354.35,211.76,142.59000000000003
514114,2024-04-14,Completed,West,Electronics,Nexa Bluetooth Speaker Classic,1,599.18,599.18,330.58,268.59999999999997
508918,2023-11-25,Completed,Midwest,Furniture,Nexa Bookshelf X,1,133.58,133.58,78.11,55.47000000000001
525988,2025-03-13,Completed,Northeast,Electronics,Vantek Bluetooth Speaker Max,1,155.78,155.78,88.45,67.33
531704,2025-09-13,Completed,West,Furniture,PrimeLiving Desk Lite,1,511.44,511.44,296.49,214.95
532920,2025-10-20,Completed,Northeast,Outdoor & Garden,Lumeo Garden Tools Kit,1,68.88,68.88,39.43,29.449999999999996
528203,2025-05-21,Completed,Southwest,Home Appliances,PrimeLiving Air Fryer Pro,1,331.94,331.94,189.98,141.96
531178,2025-08-29,Completed,South,Kitchenware,Urbanox Dinnerware Set X,1,101.22,101.22,59.39,41.83
501771,2023-03-16,Completed,Southwest,Home Decor,Vantek Throw Pillow Lite,2,210.1,420.2,247.66,172.54
536486,2025-12-13,Completed,Northeast,Kitchenware,Aurora Cutting Board Pro,1,185.24,185.24,104.87,80.37
503934,2023-06-06,Completed,Southwest,Kitchenware,Lumeo Knife Set Lite,3,148.87,446.61,249.06,197.55
533736,2025-11-07,Completed,Midwest,Electronics,Vantek 4K TV Max,1,148.59,148.59,86.99,61.60000000000001
511461,2024-01-13,Completed,Southwest,Electronics,Lumeo 4K TV,3,1188.14,3564.42,2008.95,1555.47
523133,2024-12-21,Completed,South,Home Appliances,HomeCraft Vacuum Cleaner Max,1,281.34,281.34,157.05,124.28999999999996
517128,2024-08-05,Completed,West,Home Decor,PrimeLiving Mirror X,3,237.18,711.54,421.11,290.42999999999995
500337,2023-01-18,Completed,South,Electronics,PrimeLiving Smart Watch,1,255.03,255.03,149.26,105.77000000000001
535579,2025-12-02,Completed,South,Electronics,Vantek Bluetooth Speaker Max,4,1144.42,4577.68,2641.76,1935.92
501856,2023-03-18,Completed,Southwest,Furniture,PrimeLiving Coffee Table Lite,2,628.69,1257.38,693.2,564.1800000000001
527335,2025-04-25,Completed,West,Kitchenware,Nexa Cookware Set Max,2,59.07,118.14,70.26,47.879999999999995
534414,2025-11-16,Completed,Southwest,Furniture,Lumeo Sofa Lite,1,812.02,812.02,449.21,362.81
522959,2024-12-19,Completed,South,Outdoor & Garden,PrimeLiving Outdoor Heater Max,1,531.33,531.33,304.83,226.50000000000006
525852,2025-03-09,Completed,Northeast,Home Decor,Urbanox Mirror Pro,1,154.55,154.55,89.6,64.95000000000002
515236,2024-05-22,Completed,Southwest,Electronics,Nexa Smart Watch,1,968.15,968.15,561.88,406.27
501511,2023-03-06,Completed,Southwest,Furniture,CoreHome Desk Classic,1,476.34,476.34,269.75,206.58999999999997
502823,2023-04-23,Completed,Southwest,Electronics,Lumeo Laptop Classic,1,684.61,684.61,403.6,281.01
527303,2025-04-24,Completed,Southwest,Outdoor & Garden,Lumeo Grill X,1,438.96,438.96,255.55,183.40999999999997
523858,2025-01-01,Completed,South,Home Decor,HomeCraft Area Rug Pro,1,138.56,138.56,82.63,55.93000000000001
507437,2023-11-02,Completed,West,Home Appliances,PrimeLiving Toaster Classic,1,174.07,174.07,99.31,74.75999999999999
531221,2025-08-30,Completed,Midwest,Kitchenware,Nexa Mixing Bowls Max,2,159.98,319.96,188.48,131.48
528111,2025-05-18,Completed,Southwest,Kitchenware,Vantek Cookware Set,1,81.86,81.86,45.31,36.55
523762,2024-12-30,Completed,South,Home Appliances,Lumeo Vacuum Cleaner Classic,1,284.92,284.92,161.13,123.79000000000002
533333,2025-11-01,Completed,West,Kitchenware,Nexa Cutting Board Pro,1,149.24,149.24,83.48,65.76
501402,2023-03-02,Completed,Midwest,Kitchenware,Lumeo Knife Set Lite,1,139.41,139.41,83.02,56.39
532606,2025-10-11,Completed,Midwest,Home Appliances,CoreHome Coffee Maker,1,87.86,87.86,48.97,38.89
507781,2023-11-07,Completed,West,Home Appliances,HomeCraft Microwave Max,2,251.76,503.52,290.66,212.85999999999996
508433,2023-11-18,Completed,Midwest,Home Decor,HomeCraft Mirror Pro,2,232.63,465.26,261.32,203.94
525505,2025-02-26,Completed,Midwest,Kitchenware,Urbanox Mixing Bowls,3,143.12,429.36,245.76,183.60000000000002
509416,2023-12-03,Completed,West,Home Decor,Vantek Table Lamp X,2,123.73,247.46,143.16,104.30000000000001
516156,2024-06-24,Completed,South,Electronics,CoreHome Wireless Earbuds Lite,1,1210.62,1210.62,698.1,512.5199999999999
503980,2023-06-08,Completed,Midwest,Kitchenware,CoreHome Cutting Board X,3,77.56,232.68,130.77,101.91
531301,2025-09-01,Completed,Southwest,Kitchenware,Nexa Mixing Bowls Lite,1,118.96,118.96,66.11,52.849999999999994
515685,2024-06-08,Completed,Northeast,Outdoor & Garden,Nexa Outdoor Heater Pro,1,577.79,577.79,333.52,244.26999999999998
516039,2024-06-21,Completed,Southwest,Outdoor & Garden,Lumeo Garden Tools Kit Lite,1,506.48,506.48,279.62,226.86
511411,2024-01-11,Completed,Northeast,Home Decor,HomeCraft Wall Art Lite,1,123.21,123.21,71.65,51.55999999999999
516310,2024-06-29,Completed,West,Kitchenware,Lumeo Knife Set Lite,1,147.69,147.69,83.02,64.67
524213,2025-01-13,Completed,Midwest,Kitchenware,Urbanox Dinnerware Set X,1,100.24,100.24,59.39,40.849999999999994
530762,2025-08-16,Completed,South,Kitchenware,Urbanox Mixing Bowls,4,145.28,581.12,327.68,253.44
506029,2023-09-07,Completed,Midwest,Home Appliances,Urbanox Coffee Maker,1,99.11,99.11,57.72,41.39
522681,2024-12-14,Completed,Midwest,Home Appliances,Aurora Coffee Maker,1,240.56,240.56,137.99,102.57
522677,2024-12-14,Completed,West,Home Decor,Nexa Curtains Lite,1,202.41,202.41,112.77,89.64
506760,2023-10-07,Completed,Southwest,Kitchenware,CoreHome Knife Set,1,56.93,56.93,32.64,24.29
524402,2025-01-21,Completed,South,Home Appliances,Nexa Coffee Maker,1,242.39,242.39,142.13,100.25999999999999
532907,2025-10-20,Completed,Midwest,Outdoor & Garden,HomeCraft Grill Max,1,236.01,236.01,138.59,97.41999999999999
516042,2024-06-21,Completed,Southwest,Kitchenware,Vantek Dinnerware Set X,2,166.2,332.4,194.34,138.05999999999997
501512,2023-03-06,Completed,South,Home Decor,HomeCraft Curtains Max,3,80.65,241.95,135.63,106.32
533888,2025-11-09,Completed,Northeast,Electronics,Vantek Bluetooth Speaker Max,1,159.69,159.69,88.45,71.24
526494,2025-03-29,Completed,Southwest,Home Decor,Nexa Curtains Lite,1,192.72,192.72,112.77,79.95
514742,2024-05-05,Completed,Midwest,Kitchenware,Nexa Cutting Board X,1,185.22,185.22,102.85,82.37
508870,2023-11-25,Completed,Northeast,Kitchenware,PrimeLiving Cutting Board Classic,1,129.22,129.22,73.36,55.86
517107,2024-08-04,Completed,Northeast,Home Appliances,Urbanox Blender Classic,1,161.33,161.33,90.4,70.93
502668,2023-04-18,Completed,Southwest,Home Decor,PrimeLiving Wall Art X,1,124.95,124.95,71.5,53.45
515865,2024-06-15,Completed,South,Electronics,Vantek Bluetooth Speaker Lite,3,873.72,2621.16,1556.01,1065.1499999999999
511485,2024-01-15,Completed,South,Home Appliances,Vantek Toaster Classic,2,267.29,534.58,301.72,232.86
530731,2025-08-15,Completed,Midwest,Home Appliances,Lumeo Vacuum Cleaner Classic,2,77.85,155.7,92.72,62.97999999999999
537076,2025-12-20,Completed,West,Electronics,Vantek 4K TV Max,2,150.63,301.26,173.98,127.28
525298,2025-02-19,Completed,Midwest,Furniture,PrimeLiving Office Chair Max,1,468.69,468.69,279.13,189.56
508700,2023-11-22,Completed,Midwest,Kitchenware,CoreHome Cutting Board X,1,77.68,77.68,43.59,34.09
528232,2025-05-22,Completed,West,Kitchenware,CoreHome Cutting Board Max,2,150.51,301.02,169.4,131.61999999999998
514574,2024-04-30,Completed,Southwest,Electronics,CoreHome Bluetooth Speaker X,1,386.19,386.19,228.45,157.74
502217,2023-04-01,Completed,South,Home Appliances,Lumeo Vacuum Cleaner Classic,1,288.66,288.66,161.13,127.53000000000003
520180,2024-11-08,Completed,South,Outdoor & Garden,Aurora Outdoor Heater,3,434.95,1304.85,744.72,560.1299999999999
524330,2025-01-18,Completed,Midwest,Kitchenware,CoreHome Cutting Board X,2,84.62,169.24,97.72,71.52000000000001
525095,2025-02-13,Completed,Northeast,Home Decor,HomeCraft Throw Pillow,1,256.77,256.77,142.59,114.17999999999998
512868,2024-03-05,Completed,West,Electronics,Vantek Tablet Pro,1,131.67,131.67,77.67,53.999999999999986
519990,2024-11-05,Completed,West,Outdoor & Garden,Lumeo Grill X,1,432.85,432.85,255.55,177.3
520125,2024-11-07,Completed,Northeast,Kitchenware,CoreHome Knife Set,1,54.62,54.62,32.64,21.979999999999997
509078,2023-11-28,Completed,West,Home Appliances,PrimeLiving Vacuum Cleaner Max,3,319.8,959.4,563.13,396.27
535675,2025-12-03,Completed,Southwest,Home Decor,HomeCraft Mirror Pro,1,221.68,221.68,130.66,91.02000000000001
519321,2024-10-20,Completed,South,Kitchenware,Lumeo Cutting Board Classic,1,74.03,74.03,42.81,31.22
530521,2025-08-09,Completed,Midwest,Home Decor,Nexa Wall Art Max,1,42.11,42.11,24.21,17.9
527610,2025-05-03,Completed,Midwest,Home Appliances,Nexa Toaster Classic,1,279.55,279.55,155.78,123.77000000000001
515324,2024-05-25,Completed,Southwest,Kitchenware,HomeCraft Mixing Bowls Pro,1,187.39,187.39,106.72,80.66999999999999
528046,2025-05-17,Completed,South,Furniture,PrimeLiving Sofa Lite,1,112.82,112.82,66.54,46.27999999999999
530822,2025-08-18,Completed,Midwest,Electronics,PrimeLiving Tablet Pro,3,712.13,2136.39,1216.47,919.9199999999998
531337,2025-09-02,Completed,South,Home Decor,Urbanox Area Rug,1,58.71,58.71,32.43,26.28
535604,2025-12-02,Completed,South,Electronics,Vantek Bluetooth Speaker X,1,1002.31,1002.31,580.16,422.15
528821,2025-06-09,Completed,South,Furniture,PrimeLiving Sofa X,1,388.24,388.24,230.41,157.83
528995,2025-06-14,Completed,Southwest,Electronics,CoreHome Wireless Earbuds Lite,1,1172.18,1172.18,698.1,474.08000000000004
529505,2025-06-29,Completed,West,Kitchenware,Lumeo Cutting Board Classic,2,75.11,150.22,85.62,64.6
512885,2024-03-05,Completed,Northeast,Home Appliances,Aurora Coffee Maker,3,232.09,696.27,413.97,282.29999999999995
510745,2023-12-25,Completed,Northeast,Furniture,Aurora Desk Lite,1,749.31,749.31,447.18,302.12999999999994
528590,2025-06-03,Completed,Northeast,Electronics,CoreHome Wireless Earbuds Lite,1,87.26,87.26,51.27,35.99
516519,2024-07-08,Completed,Southwest,Electronics,Nexa Smart Watch,1,971.4,971.4,561.88,409.52
505205,2023-08-04,Completed,Midwest,Outdoor & Garden,Lumeo Grill X,2,441.82,883.64,511.1,372.53999999999996
521438,2024-11-26,Completed,South,Kitchenware,Nexa Cutting Board Pro,3,150.79,452.37,250.44,201.93
514938,2024-05-11,Completed,South,Kitchenware,CoreHome Cutting Board X,1,75.73,75.73,43.59,32.14
533577,2025-11-05,Completed,Northeast,Home Decor,Vantek Table Lamp X,1,121.52,121.52,71.58,49.94
536346,2025-12-11,Completed,Midwest,Electronics,Vantek Bluetooth Speaker Max,1,156.76,156.76,88.45,68.30999999999999
501517,2023-03-06,Completed,Midwest,Furniture,Urbanox Coffee Table Pro,1,414.31,414.31,243.91,170.4
522582,2024-12-13,Completed,Southwest,Electronics,HomeCraft Smart Watch Classic,3,848.08,2544.24,1507.65,1036.5899999999997
521548,2024-11-28,Completed,Southwest,Electronics,CoreHome Wireless Earbuds Lite,1,1195.2,1195.2,698.1,497.1
514013,2024-04-12,Completed,West,Electronics,Aurora Bluetooth Speaker Pro,1,1024.92,1024.92,584.26,440.6600000000001
525510,2025-02-26,Completed,Southwest,Home Appliances,Nexa Toaster Classic,3,262.68,788.04,467.34,320.7
524821,2025-02-05,Completed,Southwest,Outdoor & Garden,Urbanox Outdoor Heater Max,1,588.36,588.36,338.38,249.98000000000002
504319,2023-06-20,Completed,West,Home Decor,Nexa Curtains Lite,1,194.87,194.87,112.77,82.10000000000001
507855,2023-11-09,Completed,West,Furniture,PrimeLiving Sofa Lite,1,120.88,120.88,66.54,54.33999999999999
524228,2025-01-14,Completed,Midwest,Electronics,Lumeo 4K TV,2,1198.58,2397.16,1339.3,1057.86
508550,2023-11-19,Completed,West,Outdoor & Garden,Lumeo Hammock Lite,3,56.95,170.85,98.97,71.88
521170,2024-11-22,Completed,South,Home Decor,PrimeLiving Table Lamp X,1,221.49,221.49,124.16,97.33000000000001
512250,2024-02-12,Completed,Northeast,Kitchenware,Nexa Knife Set Max,1,45.94,45.94,27.29,18.65
515740,2024-06-10,Completed,South,Furniture,CoreHome Desk X,1,631.36,631.36,352.23,279.13
518824,2024-10-02,Completed,West,Electronics,Lumeo 4K TV Classic,1,260.41,260.41,147.09,113.32000000000002
521789,2024-12-01,Completed,Midwest,Electronics,Vantek Bluetooth Speaker Max,1,160.77,160.77,88.45,72.32000000000001
533200,2025-10-30,Completed,Southwest,Home Appliances,Urbanox Vacuum Cleaner Lite,1,168.26,168.26,96.7,71.55999999999999
504729,2023-07-10,Completed,Southwest,Home Appliances,CoreHome Coffee Maker,1,83.93,83.93,48.97,34.96000000000001
536256,2025-12-10,Completed,South,Electronics,Aurora Wireless Earbuds X,3,443.68,1331.04,780.57,550.4699999999999
525640,2025-03-02,Completed,Southwest,Kitchenware,Lumeo Cutting Board X,1,110.98,110.98,63.61,47.370000000000005
516369,2024-07-01,Completed,Midwest,Electronics,Aurora Wireless Earbuds X,1,455.64,455.64,260.19,195.45
507767,2023-11-07,Completed,West,Outdoor & Garden,Vantek Grill Pro,1,618.71,618.71,350.47,268.24
536663,2025-12-15,Completed,South,Kitchenware,HomeCraft Mixing Bowls Pro,3,183.72,551.16,320.16,230.99999999999994
503093,2023-05-04,Completed,Midwest,Furniture,Nexa Coffee Table Max,2,418.71,837.42,482.04,355.37999999999994
522999,2024-12-19,Completed,West,Home Decor,Vantek Table Lamp Max,1,20.36,20.36,12.14,8.219999999999999
508487,2023-11-18,Completed,Midwest,Home Appliances,CoreHome Coffee Maker,1,87.64,87.64,48.97,38.67
527856,2025-05-10,Completed,South,Furniture,HomeCraft Bookshelf Lite,3,733.61,2200.83,1223.19,977.6399999999999
521617,2024-11-29,Completed,Southwest,Kitchenware,Urbanox Dinnerware Set X,1,107.43,107.43,59.39,48.040000000000006
508349,2023-11-17,Completed,Midwest,Home Appliances,Nexa Vacuum Cleaner,2,255.33,510.66,287.12,223.54000000000002
536561,2025-12-14,Completed,West,Furniture,Lumeo Office Chair X,4,267.95,1071.8,594.36,477.43999999999994
527248,2025-04-22,Completed,West,Kitchenware,Nexa Knife Set Max,4,45.93,183.72,109.16,74.56
503932,2023-06-05,Completed,Southwest,Home Appliances,Nexa Vacuum Cleaner Classic,3,246.17,738.51,416.19,322.32
525598,2025-03-01,Completed,Midwest,Electronics,Vantek Bluetooth Speaker Max,1,152.45,152.45,88.45,63.999999999999986
500246,2023-01-13,Completed,Northeast,Home Appliances,PrimeLiving Vacuum Cleaner Max,1,334.09,334.09,187.71,146.37999999999997
501257,2023-02-24,Completed,Southwest,Furniture,Aurora Desk Lite,1,752.69,752.69,447.18,305.51000000000005
530617,2025-08-11,Completed,Northeast,Home Decor,Nexa Curtains Classic,1,112.26,112.26,65.54,46.72
504939,2023-07-23,Completed,South,Electronics,Urbanox Bluetooth Speaker Lite,1,831.88,831.88,462.31,369.57
514864,2024-05-09,Completed,West,Electronics,Aurora Laptop,1,831.4,831.4,489.48,341.91999999999996
529316,2025-06-24,Completed,Northeast,Outdoor & Garden,PrimeLiving Hammock,1,546.56,546.56,320.85,225.70999999999992
511684,2024-01-24,Completed,West,Electronics,Nexa Bluetooth Speaker Lite,1,269.92,269.92,155.57,114.35000000000002
505254,2023-08-06,Completed,South,Home Decor,HomeCraft Wall Art Lite,1,121.7,121.7,71.65,50.05
530064,2025-07-23,Completed,Midwest,Furniture,Lumeo Office Chair X,1,267.96,267.96,148.59,119.36999999999998
523844,2024-12-31,Completed,West,Electronics,Vantek 4K TV Pro,4,124.74,498.96,281.12,217.83999999999997
524263,2025-01-16,Completed,Southwest,Home Appliances,Nexa Blender Pro,1,294.15,294.15,171.7,122.44999999999999
504447,2023-06-26,Completed,Southwest,Electronics,PrimeLiving Smart Watch,1,252.48,252.48,149.26,103.22
512170,2024-02-10,Completed,South,Electronics,Vantek 4K TV Pro,1,120.95,120.95,70.28,50.67
508672,2023-11-21,Completed,Southwest,Electronics,Nexa Wireless Earbuds Max,1,929.66,929.66,524.53,405.13
513054,2024-03-11,Completed,Southwest,Electronics,Nexa Smart Watch,1,1020.57,1020.57,561.88,458.69000000000005
536665,2025-12-16,Completed,Midwest,Home Appliances,Aurora Vacuum Cleaner X,3,109.46,328.38,183.09,145.29
525714,2025-03-05,Completed,West,Home Appliances,Nexa Vacuum Cleaner,1,245.71,245.71,143.56,102.15
532087,2025-09-26,Completed,West,Outdoor & Garden,Urbanox Outdoor Heater Max,1,575.95,575.95,338.38,237.57000000000005
526812,2025-04-08,Completed,Midwest,Electronics,Nexa Wireless Earbuds Classic,2,309.32,618.64,346.36,272.28
504603,2023-07-03,Completed,West,Furniture,Aurora Bed Frame Lite,2,726.53,1453.06,862.34,590.7199999999999
535745,2025-12-04,Completed,West,Electronics,Vantek Bluetooth Speaker Max,2,153.11,306.22,176.9,129.32000000000002
537647,2025-12-28,Completed,Midwest,Home Appliances,Nexa Vacuum Cleaner X,1,84.9,84.9,49.86,35.040000000000006
503437,2023-05-17,Completed,Northeast,Kitchenware,Nexa Mixing Bowls Max,1,170.44,170.44,94.24,76.2
503223,2023-05-09,Completed,South,Electronics,HomeCraft Smart Watch Classic,4,852.89,3411.56,2010.2,1401.36
513271,2024-03-18,Completed,South,Home Appliances,Aurora Microwave Pro,1,224.09,224.09,124.12,99.97
502221,2023-04-01,Completed,South,Electronics,CoreHome Wireless Earbuds Lite,1,92.12,92.12,51.27,40.85
531047,2025-08-24,Completed,Northeast,Kitchenware,HomeCraft Mixing Bowls Pro,1,191.11,191.11,106.72,84.39000000000001
513331,2024-03-20,Completed,Southwest,Electronics,Nexa Wireless Earbuds Max,1,903.82,903.82,524.53,379.2900000000001
507707,2023-11-06,Completed,West,Kitchenware,Nexa Cookware Set Max,1,60.03,60.03,35.13,24.9
509200,2023-11-30,Completed,Midwest,Home Decor,Nexa Mirror Classic,2,77.08,154.16,87.82,66.34
503958,2023-06-07,Completed,West,Kitchenware,Lumeo Cookware Set Pro,4,27.99,111.96,63.32,48.63999999999999
501067,2023-02-17,Completed,Northeast,Home Decor,Aurora Area Rug Pro,1,74.37,74.37,42.27,32.1
532683,2025-10-13,Completed,West,Electronics,Vantek Bluetooth Speaker X,1,970.89,970.89,580.16,390.73
523935,2025-01-03,Completed,South,Home Appliances,Nexa Blender Pro,2,106.07,212.14,120.62,91.51999999999998
525436,2025-02-24,Completed,South,Outdoor & Garden,Lumeo Patio Set Pro,2,146.67,293.34,173.96,119.37999999999997
507180,2023-10-24,Completed,Southwest,Kitchenware,CoreHome Cutting Board X,1,75.55,75.55,43.59,31.959999999999994
536703,2025-12-16,Completed,South,Furniture,Nexa Bookshelf X,2,139.83,279.66,156.22,123.44000000000003
508437,2023-11-18,Completed,West,Home Appliances,Urbanox Coffee Maker,1,101.53,101.53,57.72,43.81
509432,2023-12-03,Completed,Midwest,Electronics,HomeCraft 4K TV Classic,1,1211.13,1211.13,715.29,495.84000000000015
527987,2025-05-14,Completed,West,Home Appliances,Urbanox Microwave Lite,4,99.91,399.64,233.0,166.64
515150,2024-05-19,Completed,West,Electronics,Aurora Laptop,1,825.69,825.69,489.48,336.21000000000004
526473,2025-03-28,Completed,Southwest,Electronics,Lumeo 4K TV Classic,1,252.76,252.76,147.09,105.66999999999999
514806,2024-05-07,Completed,Southwest,Outdoor & Garden,Vantek Grill X,1,337.26,337.26,195.34,141.92
503861,2023-06-03,Completed,South,Furniture,CoreHome Desk Max,2,631.26,1262.52,702.5,560.02
529572,2025-07-01,Completed,Midwest,Home Decor,Lumeo Table Lamp Lite,1,33.61,33.61,19.09,14.52
506972,2023-10-16,Completed,South,Electronics,Lumeo 4K TV Classic,1,260.04,260.04,147.09,112.95000000000002
524765,2025-02-03,Completed,South,Electronics,Lumeo 4K TV Classic,1,250.86,250.86,147.09,103.77000000000001
501319,2023-02-26,Completed,Southwest,Furniture,Aurora Desk Lite,1,791.54,791.54,447.18,344.35999999999996
537435,2025-12-26,Completed,West,Electronics,Vantek Tablet X,1,1232.79,1232.79,724.99,507.79999999999995
522553,2024-12-12,Completed,Southwest,Home Appliances,PrimeLiving Air Fryer Pro,1,325.1,325.1,189.98,135.12000000000003
501539,2023-03-07,Completed,Northeast,Home Decor,HomeCraft Throw Pillow,2,244.86,489.72,285.18,204.54000000000002
518005,2024-09-04,Completed,Southwest,Home Appliances,Aurora Microwave Pro,1,215.51,215.51,124.12,91.38999999999999
503810,2023-06-01,Completed,Midwest,Home Appliances,Nexa Vacuum Cleaner Classic,1,233.9,233.9,138.73,95.17000000000002
513383,2024-03-22,Completed,Midwest,Home Appliances,Urbanox Blender Classic,4,159.37,637.48,361.6,275.88
513056,2024-03-11,Completed,West,Home Decor,HomeCraft Curtains Max,1,81.94,81.94,45.21,36.73
502029,2023-03-25,Completed,South,Kitchenware,Vantek Cookware Set,1,81.72,81.72,45.31,36.41
534942,2025-11-23,Completed,West,Home Appliances,PrimeLiving Toaster Classic,1,180.28,180.28,99.31,80.97
507796,2023-11-08,Completed,South,Electronics,Nexa Wireless Earbuds Max,1,925.88,925.88,524.53,401.35
531152,2025-08-28,Completed,Northeast,Kitchenware,CoreHome Knife Set,1,55.96,55.96,32.64,23.32
504616,2023-07-04,Completed,Northeast,Home Appliances,PrimeLiving Vacuum Cleaner Max,1,263.39,263.39,149.37,114.01999999999998
506486,2023-09-27,Completed,West,Electronics,HomeCraft Smart Watch Classic,2,853.06,1706.12,1005.1,701.0199999999999
531204,2025-08-29,Completed,West,Electronics,Nexa Bluetooth Speaker Lite,2,279.65,559.3,311.14,248.15999999999997
502439,2023-04-09,Completed,West,Home Appliances,Vantek Toaster Max,1,199.59,199.59,116.12,83.47
517590,2024-08-21,Completed,Northeast,Electronics,HomeCraft 4K TV Pro,1,406.72,406.72,238.29,168.43000000000004
519255,2024-10-17,Completed,Southwest,Electronics,HomeCraft 4K TV Classic,1,1201.6,1201.6,715.29,486.30999999999995
505539,2023-08-17,Completed,Northeast,Electronics,Vantek Tablet X,4,1222.06,4888.24,2899.96,1988.2799999999997
526867,2025-04-10,Completed,Midwest,Electronics,Nexa Smart Watch,2,967.08,1934.16,1123.76,810.4000000000001
501341,2023-02-27,Completed,South,Home Appliances,Aurora Microwave Pro,2,225.04,450.08,248.24,201.83999999999997
533507,2025-11-04,Completed,Midwest,Furniture,HomeCraft Office Chair,1,207.34,207.34,116.7,90.64
534299,2025-11-15,Completed,South,Kitchenware,Nexa Mixing Bowls Max,1,159.98,159.98,94.24,65.74
533218,2025-10-30,Completed,Midwest,Home Appliances,HomeCraft Vacuum Cleaner Max,2,283.89,567.78,314.1,253.67999999999995
525528,2025-02-27,Completed,South,Home Decor,Nexa Curtains Lite,2,200.88,401.76,225.54,176.22
514077,2024-04-13,Completed,Southwest,Electronics,CoreHome Wireless Earbuds Lite,1,91.88,91.88,51.27,40.60999999999999
512522,2024-02-22,Completed,Midwest,Home Appliances,Vantek Toaster Classic,3,258.44,775.32,452.58,322.74000000000007
506814,2023-10-10,Completed,West,Electronics,Vantek 4K TV Pro,1,119.2,119.2,70.28,48.92
534606,2025-11-19,Completed,South,Home Decor,Aurora Curtains Classic,1,154.01,154.01,90.4,63.609999999999985
531241,2025-08-30,Completed,Northeast,Electronics,Urbanox Laptop,1,1240.12,1240.12,721.88,518.2399999999999
513164,2024-03-14,Completed,West,Electronics,Lumeo Laptop Classic,1,684.26,684.26,403.6,280.65999999999997
530525,2025-08-09,Completed,Northeast,Outdoor & Garden,Nexa Garden Tools Kit Pro,2,499.03,998.06,588.94,409.1199999999999
501949,2023-03-22,Completed,South,Home Appliances,Urbanox Vacuum Cleaner Lite,1,166.18,166.18,96.7,69.48
510904,2023-12-28,Completed,Northeast,Electronics,HomeCraft Smart Watch Classic,1,866.73,866.73,502.55,364.18
522369,2024-12-09,Completed,Midwest,Home Appliances,Nexa Toaster Classic,1,266.98,266.98,155.78,111.20000000000002
518507,2024-09-20,Completed,South,Home Decor,Aurora Curtains Classic,1,154.42,154.42,90.4,64.01999999999998
502038,2023-03-25,Completed,West,Home Decor,Lumeo Curtains Max,1,109.24,109.24,63.94,45.3
532926,2025-10-21,Completed,Southwest,Kitchenware,Nexa Knife Set X,2,66.73,133.46,73.92,59.540000000000006
510291,2023-12-17,Completed,Midwest,Outdoor & Garden,PrimeLiving Garden Tools Kit Pro,2,686.94,1373.88,764.78,609.1000000000001
524058,2025-01-08,Completed,South,Home Decor,Nexa Curtains Classic,1,114.86,114.86,65.54,49.31999999999999
504187,2023-06-15,Completed,Midwest,Outdoor & Garden,Lumeo Patio Set Classic,2,624.19,1248.38,699.36,549.0200000000001
510187,2023-12-16,Completed,Midwest,Home Appliances,HomeCraft Microwave Max,1,244.54,244.54,145.33,99.20999999999998
527564,2025-05-02,Completed,Southwest,Electronics,Vantek Bluetooth Speaker Max,1,1151.11,1151.11,660.44,490.66999999999985
526403,2025-03-26,Completed,Midwest,Electronics,Nexa Bluetooth Speaker Lite,2,275.67,551.34,311.14,240.20000000000005
532232,2025-09-30,Completed,Southwest,Electronics,Vantek 4K TV Max,1,158.06,158.06,86.99,71.07000000000001
519354,2024-10-21,Completed,West,Home Appliances,Urbanox Blender Classic,1,304.97,304.97,171.82,133.15000000000003
537023,2025-12-20,Completed,Midwest,Home Decor,Nexa Wall Art,1,79.66,79.66,47.07,32.589999999999996
501887,2023-03-19,Completed,Southwest,Home Appliances,CoreHome Blender Max,4,148.98,595.92,348.28,247.64
505965,2023-09-04,Completed,South,Kitchenware,Nexa Cookware Set Max,1,63.85,63.85,35.13,28.72
536471,2025-12-13,Completed,Southwest,Outdoor & Garden,PrimeLiving Garden Tools Kit Pro,1,655.74,655.74,382.39,273.35
536749,2025-12-17,Completed,Midwest,Electronics,Lumeo 4K TV Classic,3,255.47,766.41,441.27,325.14
508942,2023-11-25,Completed,Northeast,Electronics,CoreHome Wireless Earbuds Lite,1,90.59,90.59,51.27,39.32
507735,2023-11-07,Completed,Southwest,Kitchenware,Lumeo Cookware Set Pro,2,28.59,57.18,31.66,25.52
515008,2024-05-14,Completed,Midwest,Home Decor,HomeCraft Mirror Pro,1,226.78,226.78,130.66,96.12
507765,2023-11-07,Completed,Southwest,Home Decor,Nexa Wall Art,1,84.93,84.93,47.07,37.86000000000001
528891,2025-06-11,Completed,West,Electronics,Vantek 4K TV Pro,1,123.51,123.51,70.28,53.230000000000004
500459,2023-01-24,Completed,Midwest,Home Appliances,Vantek Toaster Max,1,207.92,207.92,116.12,91.79999999999998
527631,2025-05-03,Completed,Southwest,Kitchenware,Lumeo Knife Set Max,2,192.53,385.06,224.74,160.32
526021,2025-03-14,Completed,South,Electronics,Vantek Bluetooth Speaker Max,2,157.92,315.84,176.9,138.93999999999997
509831,2023-12-10,Completed,Northeast,Electronics,HomeCraft Smart Watch Classic,1,878.32,878.32,502.55,375.77000000000004
518838,2024-10-03,Completed,Midwest,Electronics,Urbanox Laptop,1,1276.08,1276.08,721.88,554.1999999999999
531342,2025-09-03,Completed,South,Electronics,Nexa Wireless Earbuds Classic,1,311.0,311.0,173.18,137.82
510750,2023-12-25,Completed,South,Electronics,Lumeo 4K TV Classic,1,261.5,261.5,147.09,114.41
521946,2024-12-04,Completed,West,Home Decor,Aurora Area Rug Max,3,239.59,718.77,428.82,289.95
521355,2024-11-25,Completed,Southwest,Furniture,Lumeo Sofa Lite,2,764.65,1529.3,898.42,630.88
533962,2025-11-10,Completed,Midwest,Electronics,PrimeLiving Tablet Pro,1,640.82,640.82,369.97,270.85
504647,2023-07-06,Completed,West,Electronics,Nexa Tablet Lite,1,407.52,407.52,229.64,177.88
520086,2024-11-07,Completed,Southwest,Home Decor,Vantek Table Lamp X,1,120.11,120.11,71.58,48.53
531770,2025-09-16,Completed,South,Home Appliances,Nexa Vacuum Cleaner Classic,3,241.3,723.9,416.19,307.71
524830,2025-02-05,Completed,West,Home Decor,CoreHome Wall Art,2,133.03,266.06,149.02,117.03999999999999
512426,2024-02-19,Completed,Midwest,Home Appliances,Nexa Toaster Classic,3,266.14,798.42,467.34,331.08
508380,2023-11-17,Completed,South,Outdoor & Garden,PrimeLiving Garden Tools Kit Pro,4,695.05,2780.2,1529.56,1250.6399999999999
536363,2025-12-12,Completed,Southwest,Electronics,Vantek Tablet X,1,1253.35,1253.35,724.99,528.3599999999999
506345,2023-09-20,Completed,South,Furniture,CoreHome Bed Frame Classic,1,805.44,805.44,444.27,361.1700000000001
522742,2024-12-15,Completed,Midwest,Home Decor,Urbanox Area Rug,1,54.47,54.47,32.43,22.04
509219,2023-12-01,Completed,Northeast,Home Appliances,Nexa Microwave Pro,1,211.17,211.17,122.33,88.83999999999999
510673,2023-12-24,Completed,South,Outdoor & Garden,Nexa Garden Tools Kit Pro,1,497.96,497.96,294.47,203.48999999999995
521507,2024-11-27,Completed,Midwest,Electronics,Vantek Tablet X,3,1217.3,3651.9,2174.97,1476.9300000000003
507538,2023-11-04,Completed,Midwest,Home Appliances,CoreHome Coffee Maker,3,86.95,260.85,146.91,113.94000000000003
515433,2024-05-30,Completed,Northeast,Kitchenware,Lumeo Cutting Board Classic,1,72.52,72.52,42.81,29.709999999999994
516777,2024-07-22,Completed,Northeast,Home Decor,Vantek Throw Pillow Lite,1,209.72,209.72,123.83,85.89
519371,2024-10-22,Completed,Southwest,Home Appliances,Nexa Vacuum Cleaner Classic,1,236.46,236.46,138.73,97.73000000000002
514090,2024-04-13,Completed,South,Electronics,Aurora Wireless Earbuds X,1,455.12,455.12,260.19,194.93
517902,2024-08-31,Completed,South,Home Appliances,Aurora Vacuum Cleaner X,1,110.45,110.45,61.03,49.42
535991,2025-12-06,Completed,West,Furniture,PrimeLiving Office Chair Max,1,490.97,490.97,279.13,211.84000000000003
508900,2023-11-25,Completed,South,Outdoor & Garden,Nexa Outdoor Heater Pro,2,571.08,1142.16,667.04,475.1200000000001
524742,2025-02-02,Completed,South,Home Appliances,Vantek Vacuum Cleaner Max,1,212.13,212.13,125.86,86.27
517485,2024-08-17,Completed,Southwest,Outdoor & Garden,Nexa Outdoor Heater Pro,3,558.32,1674.96,1000.56,674.4000000000001
536855,2025-12-18,Completed,Northeast,Home Decor,CoreHome Wall Art,1,223.46,223.46,124.8,98.66000000000001
507718,2023-11-06,Completed,South,Home Decor,HomeCraft Throw Pillow Pro,1,166.95,166.95,94.2,72.74999999999999
505835,2023-08-30,Completed,Southwest,Home Appliances,Nexa Vacuum Cleaner Classic,1,232.66,232.66,138.73,93.93
502126,2023-03-29,Completed,South,Electronics,Aurora Wireless Earbuds X,1,467.78,467.78,260.19,207.58999999999997
518870,2024-10-04,Completed,Southwest,Electronics,Aurora Bluetooth Speaker Pro,2,1035.11,2070.22,1168.52,901.6999999999998
502261,2023-04-02,Completed,Southwest,Home Appliances,Urbanox Blender Classic,1,289.03,289.03,171.82,117.20999999999998
516303,2024-06-28,Completed,West,Kitchenware,Urbanox Dinnerware Set X,1,105.15,105.15,59.39,45.760000000000005
506648,2023-10-03,Completed,Southwest,Home Appliances,Nexa Vacuum Cleaner X,1,87.78,87.78,49.86,37.92
508056,2023-11-12,Completed,Northeast,Electronics,Vantek Bluetooth Speaker Max,3,152.37,457.11,265.35,191.76
521875,2024-12-02,Completed,Northeast,Home Appliances,Aurora Microwave Pro,1,214.27,214.27,124.12,90.15
529184,2025-06-20,Completed,Southwest,Outdoor & Garden,PrimeLiving Garden Tools Kit Pro,2,663.04,1326.08,764.78,561.3
521429,2024-11-26,Completed,West,Furniture,HomeCraft Bookshelf Lite,2,688.25,1376.5,815.46,561.04
500394,2023-01-21,Completed,Southwest,Home Appliances,PrimeLiving Blender Max,1,281.71,281.71,165.5,116.20999999999998
518160,2024-09-09,Completed,West,Electronics,Lumeo Laptop Classic,1,724.88,724.88,403.6,321.28
534097,2025-11-12,Completed,Northeast,Electronics,Vantek Bluetooth Speaker Max,1,149.11,149.11,88.45,60.66000000000001
505181,2023-08-03,Completed,Northeast,Electronics,Nexa Wireless Earbuds Classic,1,314.3,314.3,173.18,141.12
530213,2025-07-29,Completed,Southwest,Home Appliances,Urbanox Coffee Maker,1,102.57,102.57,57.72,44.849999999999994
525884,2025-03-10,Completed,Midwest,Home Appliances,PrimeLiving Vacuum Cleaner Max,2,264.96,529.92,298.74,231.17999999999995
509699,2023-12-08,Completed,Northeast,Furniture,Nexa Coffee Table Max,1,299.71,299.71,170.55,129.15999999999997
517137,2024-08-05,Completed,West,Home Appliances,Lumeo Vacuum Cleaner Classic,2,78.21,156.42,92.72,63.69999999999999
511795,2024-01-28,Completed,South,Home Appliances,Aurora Microwave Pro,1,223.83,223.83,124.12,99.71000000000001
537248,2025-12-23,Completed,South,Furniture,Nexa Coffee Table Max,1,720.03,720.03,423.66,296.36999999999995
530974,2025-08-22,Completed,Southwest,Kitchenware,CoreHome Mixing Bowls Pro,1,197.87,197.87,114.72,83.15
505611,2023-08-20,Completed,South,Kitchenware,Lumeo Cutting Board X,1,110.36,110.36,63.61,46.75
525732,2025-03-06,Completed,Southwest,Home Decor,Aurora Curtains Classic,1,161.04,161.04,90.4,70.63999999999999
526658,2025-04-03,Completed,Southwest,Home Decor,PrimeLiving Table Lamp X,1,220.97,220.97,124.16,96.81
521056,2024-11-21,Completed,Southwest,Electronics,Aurora Laptop,1,876.86,876.86,489.48,387.38
529719,2025-07-07,Completed,Midwest,Outdoor & Garden,Urbanox Patio Set X,2,526.53,1053.06,624.24,428.81999999999994
525159,2025-02-15,Completed,Midwest,Electronics,Aurora Smart Watch X,1,924.77,924.77,525.22,399.54999999999995
502433,2023-04-08,Completed,Northeast,Kitchenware,CoreHome Cookware Set Pro,2,136.99,273.98,154.46,119.52000000000001
504700,2023-07-09,Completed,West,Home Appliances,Aurora Vacuum Cleaner X,1,109.57,109.57,61.03,48.53999999999999
528566,2025-06-02,Completed,Southwest,Home Decor,Vantek Table Lamp X,1,124.98,124.98,71.58,53.400000000000006
504270,2023-06-18,Completed,West,Home Decor,Lumeo Table Lamp X,1,179.18,179.18,101.14,78.04
513814,2024-04-05,Completed,West,Kitchenware,Nexa Cookware Set Max,2,154.46,308.92,181.96,126.96000000000001
500237,2023-01-13,Completed,West,Electronics,PrimeLiving Tablet Pro,1,720.23,720.23,405.49,314.74
516775,2024-07-22,Completed,Northeast,Electronics,PrimeLiving Tablet Pro,1,645.09,645.09,369.97,275.12
514053,2024-04-13,Completed,Midwest,Electronics,Urbanox Bluetooth Speaker Lite,1,807.45,807.45,462.31,345.14000000000004
509916,2023-12-12,Completed,Southwest,Kitchenware,Nexa Cookware Set Max,3,63.24,189.72,105.39,84.33
507498,2023-11-03,Completed,Southwest,Electronics,Urbanox Tablet Classic,1,377.94,377.94,208.91,169.03
507395,2023-11-01,Completed,South,Electronics,Lumeo Tablet Max,2,756.73,1513.46,879.18,634.2800000000001
524095,2025-01-10,Completed,Southwest,Electronics,Lumeo Laptop Classic,1,698.91,698.91,403.6,295.30999999999995
508281,2023-11-15,Completed,Northeast,Kitchenware,CoreHome Knife Set,2,57.26,114.52,65.28,49.239999999999995
504873,2023-07-19,Completed,Southwest,Home Appliances,Nexa Vacuum Cleaner Classic,1,246.59,246.59,138.73,107.86000000000001
515662,2024-06-07,Completed,South,Home Decor,Aurora Curtains Classic,1,163.5,163.5,90.4,73.1
510461,2023-12-20,Completed,South,Home Appliances,CoreHome Microwave,1,337.92,337.92,186.42,151.50000000000003
501067,2023-02-17,Completed,Northeast,Electronics,Vantek Bluetooth Speaker Max,2,157.69,315.38,176.9,138.48
528873,2025-06-11,Completed,South,Kitchenware,Lumeo Knife Set Max,2,194.14,388.28,224.74,163.53999999999996
511551,2024-01-18,Completed,Southwest,Home Decor,HomeCraft Area Rug Pro,1,149.1,149.1,82.63,66.47
500647,2023-02-02,Completed,West,Electronics,Lumeo 4K TV,1,1121.93,1121.93,669.65,452.2800000000001
528460,2025-05-29,Completed,South,Furniture,CoreHome Desk Max,1,607.19,607.19,351.25,255.94000000000005
510573,2023-12-22,Completed,Northeast,Electronics,Urbanox Bluetooth Speaker Lite,4,815.7,3262.8,1849.24,1413.5600000000002
510223,2023-12-16,Completed,West,Furniture,PrimeLiving Coffee Table Lite,1,610.11,610.11,346.6,263.51
537438,2025-12-26,Completed,Midwest,Outdoor & Garden,Urbanox Patio Set X,2,560.91,1121.82,624.24,497.5799999999999
507185,2023-10-24,Completed,South,Electronics,Vantek Bluetooth Speaker X,2,1036.08,2072.16,1160.32,911.8399999999999
536511,2025-12-13,Completed,Southwest,Home Decor,CoreHome Wall Art,2,125.0,250.0,149.02,100.97999999999999
534363,2025-11-16,Completed,Northeast,Furniture,PrimeLiving Sofa Lite,2,112.44,224.88,133.08,91.79999999999998
522246,2024-12-07,Completed,Southwest,Home Appliances,Nexa Blender Pro,1,301.34,301.34,171.7,129.64
505353,2023-08-10,Completed,South,Home Appliances,Urbanox Blender Classic,1,296.46,296.46,171.82,124.63999999999999
536402,2025-12-12,Completed,Northeast,Outdoor & Garden,Urbanox Hammock Pro,1,594.54,594.54,338.42,256.11999999999995
511345,2024-01-09,Completed,Southwest,Home Appliances,Nexa Toaster Classic,2,269.26,538.52,311.56,226.95999999999998
510394,2023-12-19,Completed,Southwest,Kitchenware,Lumeo Cutting Board Classic,2,75.73,151.46,85.62,65.84
534294,2025-11-15,Completed,South,Electronics,PrimeLiving Tablet Pro,3,704.19,2112.57,1216.47,896.1000000000001
517154,2024-08-06,Completed,West,Kitchenware,Nexa Dinnerware Set,3,42.59,127.77,74.04,53.72999999999999
502171,2023-03-31,Completed,Southwest,Outdoor & Garden,PrimeLiving Outdoor Heater Max,1,521.17,521.17,304.83,216.33999999999997
515622,2024-06-06,Completed,Midwest,Home Decor,Vantek Table Lamp X,1,124.03,124.03,71.58,52.45
514830,2024-05-08,Completed,Northeast,Furniture,CoreHome Desk Classic,2,480.4,960.8,539.5,421.29999999999995
502753,2023-04-21,Completed,South,Furniture,Lumeo Coffee Table Lite,1,556.24,556.24,322.44,233.8
501961,2023-03-22,Completed,Midwest,Furniture,PrimeLiving Desk Lite,1,513.59,513.59,296.49,217.10000000000002
530504,2025-08-08,Completed,Southwest,Outdoor & Garden,Lumeo Garden Tools Kit Max,1,583.56,583.56,336.83,246.72999999999996
527892,2025-05-11,Completed,South,Home Decor,Lumeo Table Lamp Lite,1,32.97,32.97,19.09,13.879999999999999
512502,2024-02-21,Completed,South,Kitchenware,Urbanox Dinnerware Set X,1,102.66,102.66,59.39,43.269999999999996
525270,2025-02-18,Completed,West,Home Appliances,PrimeLiving Blender Max,3,292.46,877.38,496.5,380.88
534613,2025-11-19,Completed,South,Electronics,CoreHome Bluetooth Speaker X,1,410.82,410.82,228.45,182.37
508163,2023-11-14,Completed,West,Kitchenware,Nexa Mixing Bowls Max,1,164.76,164.76,94.24,70.52
526203,2025-03-21,Completed,West,Kitchenware,Vantek Cookware Set,4,77.35,309.4,181.24,128.15999999999997
509983,2023-12-13,Completed,South,Electronics,PrimeLiving Tablet Pro,2,733.35,1466.7,810.98,655.72
536941,2025-12-19,Completed,West,Home Appliances,CoreHome Microwave,1,317.3,317.3,186.42,130.88000000000002
526597,2025-04-02,Completed,Midwest,Outdoor & Garden,HomeCraft Outdoor Heater Max,1,291.89,291.89,164.63,127.25999999999999
534470,2025-11-17,Completed,Northeast,Outdoor & Garden,CoreHome Hammock,1,656.5,656.5,368.6,287.9
522843,2024-12-17,Completed,Midwest,Home Appliances,PrimeLiving Vacuum Cleaner Max,1,250.22,250.22,149.37,100.85
522416,2024-12-10,Completed,Southwest,Home Appliances,Nexa Blender Pro,1,308.57,308.57,171.7,136.87
519375,2024-10-22,Completed,South,Furniture,Lumeo Bookshelf,2,694.28,1388.56,806.22,582.3399999999999
530971,2025-08-22,Completed,Northeast,Home Appliances,Urbanox Microwave Lite,4,103.0,412.0,233.0,179.0
515350,2024-05-27,Completed,Southwest,Kitchenware,CoreHome Mixing Bowls Pro,1,201.36,201.36,114.72,86.64000000000001
517914,2024-08-31,Completed,Midwest,Kitchenware,CoreHome Cutting Board X,1,78.33,78.33,43.59,34.739999999999995
507272,2023-10-28,Completed,West,Furniture,Lumeo Bookshelf Max,1,600.63,600.63,346.91,253.71999999999997
519471,2024-10-25,Completed,South,Outdoor & Garden,CoreHome Garden Tools Kit Lite,1,138.52,138.52,79.54,58.980000000000004
526625,2025-04-02,Completed,Midwest,Home Appliances,CoreHome Blender Max,1,154.9,154.9,87.07,67.83000000000001
503716,2023-05-28,Completed,South,Kitchenware,CoreHome Cutting Board X,1,85.67,85.67,48.86,36.81
520373,2024-11-10,Completed,Southwest,Home Decor,HomeCraft Throw Pillow Pro,1,157.69,157.69,94.2,63.489999999999995
520974,2024-11-20,Completed,West,Home Appliances,Lumeo Vacuum Cleaner Classic,2,83.71,167.42,92.72,74.69999999999999
526680,2025-04-04,Completed,Midwest,Electronics,PrimeLiving Tablet Pro,1,667.29,667.29,369.97,297.31999999999994
507704,2023-11-06,Completed,West,Electronics,Vantek 4K TV Pro,1,125.35,125.35,70.28,55.06999999999999
527697,2025-05-05,Completed,West,Electronics,CoreHome Bluetooth Speaker X,1,414.78,414.78,228.45,186.32999999999998
527866,2025-05-10,Completed,Southwest,Home Appliances,Nexa Toaster Classic,2,263.42,526.84,311.56,215.28000000000003
502713,2023-04-19,Completed,Southwest,Electronics,Lumeo 4K TV Classic,1,251.58,251.58,147.09,104.49000000000001
536080,2025-12-08,Completed,Southwest,Home Decor,CoreHome Throw Pillow Max,1,226.56,226.56,135.28,91.28
516605,2024-07-13,Completed,Northeast,Electronics,Vantek Bluetooth Speaker Max,1,154.39,154.39,88.45,65.93999999999998
503250,2023-05-10,Completed,Northeast,Kitchenware,Lumeo Knife Set Max,1,192.83,192.83,112.37,80.46000000000001
516639,2024-07-14,Completed,West,Kitchenware,Lumeo Knife Set Classic,1,159.39,159.39,88.77,70.61999999999999
526580,2025-04-01,Completed,Southwest,Home Appliances,Nexa Toaster Classic,1,269.01,269.01,155.78,113.22999999999999
511234,2024-01-03,Completed,Northeast,Home Decor,Lumeo Table Lamp X,1,171.45,171.45,101.14,70.30999999999999
506025,2023-09-07,Completed,Midwest,Home Appliances,Nexa Blender Pro,1,290.13,290.13,171.7,118.43
532211,2025-09-29,Completed,Midwest,Kitchenware,CoreHome Knife Set,1,59.16,59.16,32.64,26.519999999999996
508757,2023-11-23,Completed,South,Home Decor,Vantek Table Lamp,1,170.15,170.15,100.88,69.27000000000001
504905,2023-07-20,Completed,South,Electronics,Vantek Bluetooth Speaker Lite,2,912.46,1824.92,1037.34,787.5800000000002
524796,2025-02-04,Completed,Northeast,Electronics,HomeCraft 4K TV Pro,1,423.33,423.33,238.29,185.04
532039,2025-09-24,Completed,Northeast,Home Appliances,Urbanox Vacuum Cleaner Lite,1,166.01,166.01,96.7,69.30999999999999
527732,2025-05-06,Completed,Midwest,Home Decor,HomeCraft Throw Pillow,2,237.66,475.32,266.5,208.82
516174,2024-06-25,Completed,Midwest,Electronics,Nexa Wireless Earbuds Classic,1,291.87,291.87,173.18,118.69
510354,2023-12-19,Completed,Northeast,Home Decor,Lumeo Curtains Max,2,111.67,223.34,127.88,95.46000000000001
513770,2024-04-04,Completed,Southwest,Kitchenware,Lumeo Cookware Set Pro,2,27.28,54.56,31.66,22.900000000000002
511387,2024-01-10,Completed,Northeast,Kitchenware,PrimeLiving Cutting Board Classic,1,128.46,128.46,73.36,55.10000000000001
527228,2025-04-22,Completed,Northeast,Furniture,Vantek Coffee Table,1,730.45,730.45,414.11,316.34000000000003
501299,2023-02-25,Completed,South,Furniture,Nexa Office Chair Lite,2,800.37,1600.74,916.46,684.28
524652,2025-01-31,Completed,Southwest,Electronics,Aurora Wireless Earbuds X,1,472.27,472.27,260.19,212.07999999999998
520612,2024-11-14,Completed,Southwest,Kitchenware,Nexa Mixing Bowls Lite,3,111.54,334.62,198.33,136.29
536786,2025-12-17,Completed,South,Home Appliances,PrimeLiving Vacuum Cleaner Max,2,264.24,528.48,298.74,229.74
506655,2023-10-03,Completed,Northeast,Outdoor & Garden,Lumeo Garden Tools Kit Lite,2,469.77,939.54,559.24,380.29999999999995
510829,2023-12-27,Completed,Southwest,Kitchenware,Nexa Mixing Bowls Lite,1,118.55,118.55,66.11,52.44
537112,2025-12-21,Completed,Midwest,Kitchenware,Aurora Cutting Board Pro,1,178.2,178.2,104.87,73.32999999999998
507647,2023-11-05,Completed,Northeast,Furniture,Lumeo Bookshelf Max,3,589.59,1768.77,1040.73,728.04
511162,2023-12-31,Completed,Southwest,Home Decor,Vantek Throw Pillow Lite,1,222.2,222.2,123.83,98.36999999999999
513482,2024-03-25,Completed,Midwest,Home Appliances,PrimeLiving Vacuum Cleaner Max,4,325.48,1301.92,750.84,551.08
531864,2025-09-19,Completed,Southwest,Electronics,HomeCraft Smart Watch Classic,1,1289.44,1289.44,720.81,568.6300000000001
533762,2025-11-08,Completed,Northeast,Home Appliances,Vantek Toaster Classic,1,260.05,260.05,150.86,109.19
520488,2024-11-12,Completed,Northeast,Electronics,HomeCraft 4K TV Pro,1,430.75,430.75,238.29,192.46
511465,2024-01-13,Completed,Southwest,Outdoor & Garden,HomeCraft Outdoor Heater Max,1,290.24,290.24,164.63,125.61000000000001
503774,2023-05-30,Completed,Midwest,Home Decor,Nexa Curtains Classic,2,114.05,228.1,131.08,97.01999999999998
530325,2025-08-02,Completed,Southwest,Electronics,Nexa Wireless Earbuds Classic,1,306.09,306.09,173.18,132.90999999999997
535755,2025-12-04,Completed,South,Home Decor,CoreHome Wall Art,1,127.33,127.33,74.51,52.81999999999999
506263,2023-09-16,Completed,West,Electronics,Urbanox Laptop,1,1247.97,1247.97,721.88,526.09
519587,2024-10-29,Completed,Southwest,Electronics,Lumeo 4K TV Classic,2,251.76,503.52,294.18,209.33999999999997
503644,2023-05-25,Completed,Midwest,Electronics,Vantek Bluetooth Speaker Max,1,153.44,153.44,88.45,64.99
506741,2023-10-07,Completed,Midwest,Home Decor,Vantek Table Lamp Max,1,21.66,21.66,12.14,9.52
535497,2025-12-01,Completed,Southwest,Kitchenware,Nexa Knife Set X,2,66.44,132.88,73.92,58.959999999999994
513071,2024-03-11,Completed,Northeast,Home Appliances,CoreHome Blender Max,1,156.47,156.47,87.07,69.4
535741,2025-12-04,Completed,Southwest,Home Appliances,Aurora Vacuum Cleaner X,2,104.05,208.1,122.06,86.03999999999999
525626,2025-03-01,Completed,West,Outdoor & Garden,Urbanox Outdoor Heater Max,1,589.53,589.53,338.38,251.14999999999998
524882,2025-02-07,Completed,West,Outdoor & Garden,Lumeo Outdoor Heater Max,1,115.54,115.54,65.63,49.91000000000001
518968,2024-10-07,Completed,Midwest,Furniture,Urbanox Desk,3,431.08,1293.24,769.95,523.29
514954,2024-05-11,Completed,West,Electronics,PrimeLiving Tablet Pro,1,690.58,690.58,405.49,285.09000000000003
528800,2025-06-09,Completed,South,Home Appliances,Nexa Blender Pro,1,289.62,289.62,171.7,117.92000000000002
512687,2024-02-27,Completed,South,Outdoor & Garden,PrimeLiving Outdoor Heater Max,4,524.27,2097.08,1219.32,877.76
518287,2024-09-13,Completed,Northeast,Electronics,PrimeLiving Tablet Pro,1,669.29,669.29,369.97,299.31999999999994
522079,2024-12-06,Completed,Northeast,Furniture,CoreHome Bed Frame Classic,1,791.6,791.6,444.27,347.33000000000004
507311,2023-10-29,Completed,Southwest,Kitchenware,CoreHome Knife Set,1,55.59,55.59,32.64,22.950000000000003
514014,2024-04-12,Completed,West,Furniture,Nexa Bed Frame Pro,3,291.78,875.34,488.94,386.40000000000003
525582,2025-02-28,Completed,Southwest,Electronics,Vantek Tablet Pro,2,135.67,271.34,155.34,115.99999999999997
516543,2024-07-09,Completed,Southwest,Home Decor,Lumeo Curtains Max,1,114.68,114.68,63.94,50.74000000000001
537735,2025-12-29,Completed,South,Kitchenware,Nexa Mixing Bowls Lite,1,110.67,110.67,66.11,44.56
510631,2023-12-23,Completed,Southwest,Home Appliances,Aurora Vacuum Cleaner X,1,107.77,107.77,61.03,46.739999999999995
503040,2023-05-02,Completed,Northeast,Electronics,Nexa Smart Watch,2,1020.69,2041.38,1123.76,917.6200000000001
508595,2023-11-20,Completed,Midwest,Electronics,Urbanox Laptop,1,1226.64,1226.64,721.88,504.7600000000001
534141,2025-11-13,Completed,West,Home Appliances,CoreHome Coffee Maker,3,87.45,262.35,146.91,115.44000000000003
504691,2023-07-08,Completed,Midwest,Home Decor,CoreHome Throw Pillow Max,2,238.47,476.94,270.56,206.38
509444,2023-12-04,Completed,West,Home Appliances,Urbanox Blender Classic,1,157.21,157.21,90.4,66.81
528254,2025-05-23,Completed,Midwest,Furniture,Nexa Coffee Table Max,2,304.28,608.56,341.1,267.4599999999999
511685,2024-01-24,Completed,Midwest,Home Decor,Nexa Wall Art,1,82.81,82.81,47.07,35.74
501822,2023-03-17,Completed,South,Electronics,Aurora Laptop,1,826.47,826.47,489.48,336.99
501551,2023-03-08,Completed,Midwest,Home Decor,Nexa Mirror Classic,1,76.84,76.84,43.91,32.93000000000001
525985,2025-03-13,Completed,West,Kitchenware,Nexa Cookware Set Max,3,63.15,189.45,105.39,84.05999999999999
514432,2024-04-26,Completed,Northeast,Furniture,Nexa Bed Frame Pro,1,284.49,284.49,162.98,121.51000000000002
528785,2025-06-08,Completed,Midwest,Furniture,Nexa Bed Frame,1,293.3,293.3,171.83,121.47
506319,2023-09-19,Completed,South,Outdoor & Garden,Lumeo Patio Set Pro,1,148.64,148.64,86.98,61.65999999999998
508162,2023-11-14,Completed,Midwest,Home Decor,CoreHome Wall Art,1,218.13,218.13,124.8,93.33
520572,2024-11-14,Completed,West,Home Decor,HomeCraft Throw Pillow,1,246.07,246.07,142.59,103.47999999999999
506434,2023-09-25,Completed,Midwest,Kitchenware,Nexa Cookware Set Max,2,163.97,327.94,181.96,145.98
535362,2025-11-29,Completed,Northeast,Home Decor,HomeCraft Wall Art Lite,2,126.99,253.98,143.3,110.67999999999998
506386,2023-09-22,Completed,Northeast,Home Appliances,PrimeLiving Vacuum Cleaner Max,1,263.18,263.18,149.37,113.81
537667,2025-12-28,Completed,Northeast,Kitchenware,CoreHome Knife Set,1,55.12,55.12,32.64,22.479999999999997
524017,2025-01-06,Completed,Northeast,Home Appliances,Nexa Toaster Classic,1,263.24,263.24,155.78,107.46000000000001
535162,2025-11-26,Completed,Southwest,Home Appliances,Urbanox Coffee Maker,1,99.4,99.4,57.72,41.68000000000001
501583,2023-03-09,Completed,South,Home Decor,HomeCraft Throw Pillow,1,245.48,245.48,142.59,102.88999999999999
515750,2024-06-10,Completed,Southwest,Home Appliances,HomeCraft Vacuum Cleaner Max,1,271.91,271.91,157.05,114.86000000000001
518903,2024-10-05,Completed,South,Furniture,PrimeLiving Coffee Table Lite,1,584.29,584.29,346.6,237.68999999999994
535794,2025-12-04,Completed,Northeast,Home Decor,HomeCraft Area Rug Pro,1,148.74,148.74,82.63,66.11000000000001
521213,2024-11-23,Completed,South,Home Decor,Aurora Area Rug Max,1,256.13,256.13,142.94,113.19
521987,2024-12-04,Completed,West,Kitchenware,Nexa Cookware Set,1,85.9,85.9,47.59,38.31
510045,2023-12-14,Completed,South,Electronics,Aurora Laptop,2,834.73,1669.46,978.96,690.5
520281,2024-11-09,Completed,Southwest,Home Appliances,Vantek Toaster Max,1,201.65,201.65,116.12,85.53
518190,2024-09-10,Completed,Northeast,Electronics,PrimeLiving Tablet Pro,1,716.67,716.67,405.49,311.17999999999995
503361,2023-05-13,Completed,Southwest,Outdoor & Garden,Urbanox Patio Set X,1,551.02,551.02,312.12,238.89999999999998
505319,2023-08-09,Completed,West,Kitchenware,Urbanox Dinnerware Set X,1,99.55,99.55,59.39,40.16
512312,2024-02-15,Completed,Midwest,Electronics,Aurora Bluetooth Speaker Pro,2,1056.8,2113.6,1168.52,945.0799999999999
500087,2023-01-05,Completed,West,Home Appliances,Lumeo Vacuum Cleaner Classic,1,83.99,83.99,46.36,37.629999999999995
529577,2025-07-01,Completed,Midwest,Home Appliances,Nexa Coffee Maker,2,239.42,478.84,284.26,194.57999999999998
507551,2023-11-04,Completed,Northeast,Electronics,Vantek Bluetooth Speaker Max,1,153.24,153.24,88.45,64.79
520555,2024-11-13,Completed,West,Electronics,CoreHome Bluetooth Speaker Pro,1,1168.86,1168.86,644.23,524.6299999999999
530343,2025-08-03,Completed,Southwest,Electronics,Lumeo 4K TV Classic,1,263.23,263.23,147.09,116.14000000000001
509176,2023-11-30,Completed,Southwest,Electronics,Nexa Bluetooth Speaker Lite,1,280.13,280.13,155.57,124.56
525892,2025-03-10,Completed,West,Electronics,Nexa Wireless Earbuds Classic,1,314.79,314.79,173.18,141.61
537778,2025-12-30,Completed,South,Electronics,Urbanox Laptop,2,1308.07,2616.14,1443.76,1172.3799999999999
534531,2025-11-18,Completed,Midwest,Kitchenware,Nexa Mixing Bowls Max,1,167.27,167.27,94.24,73.03000000000002
531598,2025-09-11,Completed,Northeast,Electronics,PrimeLiving Tablet Pro,1,687.41,687.41,405.49,281.91999999999996
533363,2025-11-02,Completed,Midwest,Electronics,HomeCraft Smart Watch Classic,2,1303.49,2606.98,1441.62,1165.3600000000001
508024,2023-11-11,Completed,West,Electronics,Lumeo Tablet Max,1,778.64,778.64,439.59,339.05
512043,2024-02-06,Completed,West,Furniture,HomeCraft Office Chair,3,206.47,619.41,350.1,269.30999999999995
505341,2023-08-10,Completed,South,Home Appliances,Nexa Vacuum Cleaner,1,256.31,256.31,143.56,112.75
502451,2023-04-09,Completed,Southwest,Furniture,Lumeo Bookshelf Max,1,590.4,590.4,346.91,243.48999999999995
519027,2024-10-10,Completed,Southwest,Kitchenware,Vantek Cookware Set,2,76.9,153.8,90.62,63.18000000000001
514640,2024-05-02,Completed,South,Furniture,Nexa Coffee Table Max,1,710.87,710.87,423.66,287.21
510233,2023-12-17,Completed,Midwest,Furniture,Nexa Coffee Table Lite,2,265.86,531.72,297.62,234.10000000000002
500899,2023-02-11,Completed,West,Kitchenware,Nexa Knife Set X,1,63.36,63.36,36.96,26.4
532814,2025-10-17,Completed,Northeast,Electronics,Vantek Bluetooth Speaker Lite,3,899.84,2699.52,1556.01,1143.51
521193,2024-11-23,Completed,West,Outdoor & Garden,Lumeo Patio Set Pro,1,147.44,147.44,86.98,60.459999999999994
506247,2023-09-16,Completed,South,Kitchenware,CoreHome Cutting Board X,2,87.17,174.34,97.72,76.62
513950,2024-04-09,Completed,South,Kitchenware,Nexa Cutting Board X,1,177.91,177.91,102.85,75.06
500947,2023-02-13,Completed,West,Electronics,Lumeo Tablet Max,1,792.24,792.24,439.59,352.65000000000003
521203,2024-11-23,Completed,South,Electronics,Nexa Smart Watch,4,976.49,3905.96,2247.52,1658.44
518217,2024-09-11,Completed,West,Electronics,Vantek Tablet Pro,1,132.57,132.57,77.67,54.89999999999999
514151,2024-04-15,Completed,South,Furniture,PrimeLiving Coffee Table X,1,727.98,727.98,434.57,293.41
522074,2024-12-06,Completed,Midwest,Furniture,Nexa Coffee Table Lite,1,263.54,263.54,148.81,114.73000000000002
519784,2024-11-02,Completed,West,Outdoor & Garden,Nexa Outdoor Heater Pro,1,560.63,560.63,333.52,227.11
507195,2023-10-25,Completed,Midwest,Home Appliances,Aurora Coffee Maker,1,249.88,249.88,137.99,111.88999999999999
504214,2023-06-16,Completed,South,Home Decor,Lumeo Curtains Max,1,111.82,111.82,63.94,47.879999999999995
505112,2023-08-01,Completed,South,Electronics,CoreHome Bluetooth Speaker Pro,1,1147.13,1147.13,644.23,502.9000000000001
532332,2025-10-03,Completed,West,Electronics,CoreHome Wireless Earbuds Lite,2,91.33,182.66,102.54,80.11999999999999
530204,2025-07-29,Completed,South,Furniture,CoreHome Desk Classic,1,476.49,476.49,269.75,206.74
523280,2024-12-23,Completed,Southwest,Home Appliances,Nexa Microwave Pro,1,221.9,221.9,122.33,99.57000000000001
533670,2025-11-07,Completed,South,Home Decor,HomeCraft Wall Art Lite,1,129.78,129.78,71.65,58.129999999999995
534504,2025-11-18,Completed,Southwest,Outdoor & Garden,Lumeo Patio Set X,1,657.22,657.22,365.42,291.8
500876,2023-02-10,Completed,South,Electronics,HomeCraft 4K TV Classic,2,1250.23,2500.46,1430.58,1069.88
528913,2025-06-12,Completed,West,Furniture,CoreHome Desk X,1,621.23,621.23,352.23,269.0
532729,2025-10-15,Completed,Midwest,Kitchenware,Nexa Cutting Board Pro,1,146.74,146.74,83.48,63.260000000000005
500746,2023-02-05,Completed,Southwest,Electronics,Vantek 4K TV Pro,3,121.61,364.83,210.84,153.98999999999998
525762,2025-03-07,Completed,Southwest,Home Decor,Nexa Curtains Lite,1,199.81,199.81,112.77,87.04
535623,2025-12-02,Completed,Northeast,Outdoor & Garden,Urbanox Patio Set X,1,561.89,561.89,312.12,249.76999999999998
502766,2023-04-21,Completed,South,Electronics,HomeCraft 4K TV Pro,2,423.0,846.0,476.58,369.42
501240,2023-02-24,Completed,West,Electronics,HomeCraft 4K TV Pro,1,422.17,422.17,238.29,183.88000000000002
520258,2024-11-09,Completed,Southwest,Electronics,CoreHome Wireless Earbuds Lite,1,91.8,91.8,51.27,40.529999999999994
537152,2025-12-21,Completed,South,Kitchenware,Lumeo Cutting Board X,3,115.51,346.53,190.83,155.69999999999996
530847,2025-08-18,Completed,Northeast,Home Appliances,PrimeLiving Vacuum Cleaner Max,1,254.19,254.19,149.37,104.82
